-- phpMyAdmin SQL Dump
-- version 5.2.1
-- https://www.phpmyadmin.net/
--
-- 主機： 127.0.0.1
-- 產生時間： 2024-08-06 03:33:44
-- 伺服器版本： 10.4.32-MariaDB
-- PHP 版本： 8.2.12

SET SQL_MODE = "NO_AUTO_VALUE_ON_ZERO";
START TRANSACTION;
SET time_zone = "+00:00";


/*!40101 SET @OLD_CHARACTER_SET_CLIENT=@@CHARACTER_SET_CLIENT */;
/*!40101 SET @OLD_CHARACTER_SET_RESULTS=@@CHARACTER_SET_RESULTS */;
/*!40101 SET @OLD_COLLATION_CONNECTION=@@COLLATION_CONNECTION */;
/*!40101 SET NAMES utf8mb4 */;

--
-- 資料庫： `diving`
--

-- --------------------------------------------------------

--
-- 資料表結構 `city`
--

CREATE TABLE `city` (
  `city_id` int(11) NOT NULL,
  `city_name` varchar(3) NOT NULL
) ENGINE=InnoDB DEFAULT CHARSET=utf8mb4 COLLATE=utf8mb4_unicode_ci;

--
-- 傾印資料表的資料 `city`
--

INSERT INTO `city` (`city_id`, `city_name`) VALUES
(11, '南投縣'),
(19, '嘉義市'),
(13, '嘉義縣'),
(18, '基隆市'),
(7, '宜蘭縣'),
(14, '屏東縣'),
(10, '彰化縣'),
(2, '新北市'),
(20, '新竹市'),
(8, '新竹縣'),
(3, '桃園市'),
(17, '澎湖縣'),
(4, '臺中市'),
(1, '臺北市'),
(5, '臺南市'),
(16, '臺東縣'),
(15, '花蓮縣'),
(9, '苗栗縣'),
(22, '連江縣'),
(21, '金門縣'),
(12, '雲林縣'),
(6, '高雄市');

-- --------------------------------------------------------

--
-- 資料表結構 `district`
--

CREATE TABLE `district` (
  `district_id` int(20) NOT NULL,
  `city_id` int(2) NOT NULL,
  `district_name` varchar(20) NOT NULL
) ENGINE=InnoDB DEFAULT CHARSET=utf8mb4 COLLATE=utf8mb4_unicode_ci;

--
-- 傾印資料表的資料 `district`
--

INSERT INTO `district` (`district_id`, `city_id`, `district_name`) VALUES
(1, 1, '松山區'),
(2, 1, '信義區'),
(3, 1, '大安區'),
(4, 1, '中山區'),
(5, 1, '中正區'),
(6, 1, '大同區'),
(7, 1, '萬華區'),
(8, 1, '南港區'),
(9, 1, '內湖區'),
(10, 1, '士林區'),
(11, 1, '北投區'),
(12, 1, '文山區'),
(13, 2, '板橋區'),
(14, 2, '三重區'),
(15, 2, '中和區'),
(16, 2, '永和區'),
(17, 2, '新莊區'),
(18, 2, '新店區'),
(19, 2, '樹林區'),
(20, 2, '鶯歌區'),
(21, 2, '三峽區'),
(22, 2, '淡水區'),
(23, 2, '汐止區'),
(24, 2, '瑞芳區'),
(25, 2, '土城區'),
(26, 2, '蘆洲區'),
(27, 2, '五股區'),
(28, 2, '泰山區'),
(29, 2, '林口區'),
(30, 2, '深坑區'),
(31, 2, '石碇區'),
(32, 2, '坪林區'),
(33, 2, '三芝區'),
(34, 2, '石門區'),
(35, 2, '八里區'),
(36, 2, '平溪區'),
(37, 2, '雙溪區'),
(38, 2, '貢寮區'),
(39, 2, '金山區'),
(40, 2, '萬里區'),
(41, 2, '烏來區'),
(42, 3, '桃園區'),
(43, 3, '中壢區'),
(44, 3, '大溪區'),
(45, 3, '楊梅區'),
(46, 3, '蘆竹區'),
(47, 3, '大園區'),
(48, 3, '龜山區'),
(49, 3, '八德區'),
(50, 3, '龍潭區'),
(51, 3, '平鎮區'),
(52, 3, '新屋區'),
(53, 3, '觀音區'),
(54, 3, '復興區'),
(55, 4, '中區'),
(56, 4, '東區'),
(57, 4, '南區'),
(58, 4, '西區'),
(59, 4, '北區'),
(60, 4, '西屯區'),
(61, 4, '南屯區'),
(62, 4, '北屯區'),
(63, 4, '豐原區'),
(64, 4, '東勢區'),
(65, 4, '大甲區'),
(66, 4, '清水區'),
(67, 4, '沙鹿區'),
(68, 4, '梧棲區'),
(69, 4, '后里區'),
(70, 4, '神岡區'),
(71, 4, '潭子區'),
(72, 4, '大雅區'),
(73, 4, '新社區'),
(74, 4, '石岡區'),
(75, 4, '外埔區'),
(76, 4, '大安區'),
(77, 4, '烏日區'),
(78, 4, '大肚區'),
(79, 4, '龍井區'),
(80, 4, '霧峰區'),
(81, 4, '太平區'),
(82, 4, '大里區'),
(83, 4, '和平區'),
(84, 5, '新營區'),
(85, 5, '鹽水區'),
(86, 5, '白河區'),
(87, 5, '柳營區'),
(88, 5, '後壁區'),
(89, 5, '東山區'),
(90, 5, '麻豆區'),
(91, 5, '下營區'),
(92, 5, '六甲區'),
(93, 5, '官田區'),
(94, 5, '大內區'),
(95, 5, '佳里區'),
(96, 5, '學甲區'),
(97, 5, '西港區'),
(98, 5, '七股區'),
(99, 5, '將軍區'),
(100, 5, '北門區'),
(101, 5, '新化區'),
(102, 5, '善化區'),
(103, 5, '新市區'),
(104, 5, '安定區'),
(105, 5, '山上區'),
(106, 5, '玉井區'),
(107, 5, '楠西區'),
(108, 5, '南化區'),
(109, 5, '左鎮區'),
(110, 5, '仁德區'),
(111, 5, '歸仁區'),
(112, 5, '關廟區'),
(113, 5, '龍崎區'),
(114, 5, '永康區'),
(115, 5, '東區'),
(116, 5, '南區'),
(117, 5, '北區'),
(118, 5, '安南區'),
(119, 5, '安平區'),
(120, 5, '中西區'),
(121, 6, '鹽埕區'),
(122, 6, '鼓山區'),
(123, 6, '左營區'),
(124, 6, '楠梓區'),
(125, 6, '三民區'),
(126, 6, '新興區'),
(127, 6, '前金區'),
(128, 6, '苓雅區'),
(129, 6, '前鎮區'),
(130, 6, '旗津區'),
(131, 6, '小港區'),
(132, 6, '鳳山區'),
(133, 6, '林園區'),
(134, 6, '大寮區'),
(135, 6, '大樹區'),
(136, 6, '大社區'),
(137, 6, '仁武區'),
(138, 6, '鳥松區'),
(139, 6, '岡山區'),
(140, 6, '橋頭區'),
(141, 6, '燕巢區'),
(142, 6, '田寮區'),
(143, 6, '阿蓮區'),
(144, 6, '路竹區'),
(145, 6, '湖內區'),
(146, 6, '茄萣區'),
(147, 6, '永安區'),
(148, 6, '彌陀區'),
(149, 6, '梓官區'),
(150, 6, '旗山區'),
(151, 6, '美濃區'),
(152, 6, '六龜區'),
(153, 6, '甲仙區'),
(154, 6, '杉林區'),
(155, 6, '內門區'),
(156, 6, '茂林區'),
(157, 6, '桃源區'),
(158, 6, '那瑪夏區'),
(159, 18, '中正區'),
(160, 18, '七堵區'),
(161, 18, '暖暖區'),
(162, 18, '仁愛區'),
(163, 18, '中山區'),
(164, 18, '安樂區'),
(165, 18, '信義區'),
(166, 20, '東區'),
(167, 20, '北區'),
(168, 20, '香山區'),
(169, 19, '東區'),
(170, 19, '西區'),
(171, 7, '宜蘭市'),
(172, 7, '羅東鎮'),
(173, 7, '蘇澳鎮'),
(174, 7, '頭城鎮'),
(175, 7, '礁溪鄉'),
(176, 7, '壯圍鄉'),
(177, 7, '員山鄉'),
(178, 7, '冬山鄉'),
(179, 7, '五結鄉'),
(180, 7, '三星鄉'),
(181, 7, '大同鄉'),
(182, 7, '南澳鄉'),
(183, 8, '竹北市'),
(184, 8, '關西鎮'),
(185, 8, '新埔鎮'),
(186, 8, '竹東鎮'),
(187, 8, '湖口鄉'),
(188, 8, '橫山鄉'),
(189, 8, '新豐鄉'),
(190, 8, '芎林鄉'),
(191, 8, '寶山鄉'),
(192, 8, '北埔鄉'),
(193, 8, '峨眉鄉'),
(194, 8, '尖石鄉'),
(195, 8, '五峰鄉'),
(196, 9, '苗栗市'),
(197, 9, '頭份市'),
(198, 9, '苑裡鎮'),
(199, 9, '通霄鎮'),
(200, 9, '竹南鎮'),
(201, 9, '後龍鎮'),
(202, 9, '卓蘭鎮'),
(203, 9, '大湖鄉'),
(204, 9, '公館鄉'),
(205, 9, '銅鑼鄉'),
(206, 9, '南庄鄉'),
(207, 9, '頭屋鄉'),
(208, 9, '三義鄉'),
(209, 9, '西湖鄉'),
(210, 9, '造橋鄉'),
(211, 9, '三灣鄉'),
(212, 9, '獅潭鄉'),
(213, 9, '泰安鄉'),
(214, 10, '彰化市'),
(215, 10, '員林市'),
(216, 10, '鹿港鎮'),
(217, 10, '和美鎮'),
(218, 10, '北斗鎮'),
(219, 10, '溪湖鎮'),
(220, 10, '田中鎮'),
(221, 10, '二林鎮'),
(222, 10, '線西鄉'),
(223, 10, '伸港鄉'),
(224, 10, '福興鄉'),
(225, 10, '秀水鄉'),
(226, 10, '花壇鄉'),
(227, 10, '芬園鄉'),
(228, 10, '大村鄉'),
(229, 10, '埔鹽鄉'),
(230, 10, '埔心鄉'),
(231, 10, '永靖鄉'),
(232, 10, '社頭鄉'),
(233, 10, '二水鄉'),
(234, 10, '田尾鄉'),
(235, 10, '埤頭鄉'),
(236, 10, '芳苑鄉'),
(237, 10, '大城鄉'),
(238, 10, '竹塘鄉'),
(239, 10, '溪州鄉'),
(240, 11, '南投市'),
(241, 11, '埔里鎮'),
(242, 11, '草屯鎮'),
(243, 11, '竹山鎮'),
(244, 11, '集集鎮'),
(245, 11, '名間鄉'),
(246, 11, '鹿谷鄉'),
(247, 11, '中寮鄉'),
(248, 11, '魚池鄉'),
(249, 11, '國姓鄉'),
(250, 11, '水里鄉'),
(251, 11, '信義鄉'),
(252, 11, '仁愛鄉'),
(253, 12, '斗六市'),
(254, 12, '斗南鎮'),
(255, 12, '虎尾鎮'),
(256, 12, '西螺鎮'),
(257, 12, '土庫鎮'),
(258, 12, '北港鎮'),
(259, 12, '古坑鄉'),
(260, 12, '大埤鄉'),
(261, 12, '莿桐鄉'),
(262, 12, '林內鄉'),
(263, 12, '二崙鄉'),
(264, 12, '崙背鄉'),
(265, 12, '麥寮鄉'),
(266, 12, '東勢鄉'),
(267, 12, '褒忠鄉'),
(268, 12, '臺西鄉'),
(269, 12, '元長鄉'),
(270, 12, '四湖鄉'),
(271, 12, '口湖鄉'),
(272, 12, '水林鄉'),
(273, 13, '太保市'),
(274, 13, '朴子市'),
(275, 13, '布袋鎮'),
(276, 13, '大林鎮'),
(277, 13, '民雄鄉'),
(278, 13, '溪口鄉'),
(279, 13, '新港鄉'),
(280, 13, '六腳鄉'),
(281, 13, '東石鄉'),
(282, 13, '義竹鄉'),
(283, 13, '鹿草鄉'),
(284, 13, '水上鄉'),
(285, 13, '中埔鄉'),
(286, 13, '竹崎鄉'),
(287, 13, '梅山鄉'),
(288, 13, '番路鄉'),
(289, 13, '大埔鄉'),
(290, 13, '阿里山鄉'),
(291, 14, '屏東市'),
(292, 14, '潮州鎮'),
(293, 14, '東港鎮'),
(294, 14, '恆春鎮'),
(295, 14, '萬丹鄉'),
(296, 14, '長治鄉'),
(297, 14, '麟洛鄉'),
(298, 14, '九如鄉'),
(299, 14, '里港鄉'),
(300, 14, '鹽埔鄉'),
(301, 14, '高樹鄉'),
(302, 14, '萬巒鄉'),
(303, 14, '內埔鄉'),
(304, 14, '竹田鄉'),
(305, 14, '新埤鄉'),
(306, 14, '枋寮鄉'),
(307, 14, '新園鄉'),
(308, 14, '崁頂鄉'),
(309, 14, '林邊鄉'),
(310, 14, '南州鄉'),
(311, 14, '佳冬鄉'),
(312, 14, '琉球鄉'),
(313, 14, '車城鄉'),
(314, 14, '滿州鄉'),
(315, 14, '枋山鄉'),
(316, 14, '三地門鄉'),
(317, 14, '霧臺鄉'),
(318, 14, '瑪家鄉'),
(319, 14, '泰武鄉'),
(320, 14, '來義鄉'),
(321, 14, '春日鄉'),
(322, 14, '獅子鄉'),
(323, 14, '牡丹鄉'),
(324, 16, '臺東市'),
(325, 16, '成功鎮'),
(326, 16, '關山鎮'),
(327, 16, '卑南鄉'),
(328, 16, '大武鄉'),
(329, 16, '太麻里鄉'),
(330, 16, '東河鄉'),
(331, 16, '長濱鄉'),
(332, 16, '鹿野鄉'),
(333, 16, '池上鄉'),
(334, 16, '綠島鄉'),
(335, 16, '延平鄉'),
(336, 16, '海端鄉'),
(337, 16, '達仁鄉'),
(338, 16, '金峰鄉'),
(339, 16, '蘭嶼鄉'),
(340, 15, '花蓮市'),
(341, 15, '鳳林鎮'),
(342, 15, '玉里鎮'),
(343, 15, '新城鄉'),
(344, 15, '吉安鄉'),
(345, 15, '壽豐鄉'),
(346, 15, '光復鄉'),
(347, 15, '豐濱鄉'),
(348, 15, '瑞穗鄉'),
(349, 15, '富里鄉'),
(350, 15, '秀林鄉'),
(351, 15, '萬榮鄉'),
(352, 15, '卓溪鄉'),
(353, 17, '馬公市'),
(354, 17, '湖西鄉'),
(355, 17, '白沙鄉'),
(356, 17, '西嶼鄉'),
(357, 17, '望安鄉'),
(358, 17, '七美鄉'),
(359, 21, '金城鎮'),
(360, 21, '金湖鎮'),
(361, 21, '金沙鎮'),
(362, 21, '金寧鄉'),
(363, 21, '烈嶼鄉'),
(364, 21, '烏坵鄉'),
(365, 22, '南竿鄉'),
(366, 22, '北竿鄉'),
(367, 22, '莒光鄉'),
(368, 22, '東引鄉');

-- --------------------------------------------------------

--
-- 資料表結構 `employee`
--

CREATE TABLE `employee` (
  `em_id` int(11) NOT NULL,
  `em_full_name` varchar(50) NOT NULL,
  `em_hire_date` date NOT NULL,
  `em_password` varchar(100) NOT NULL,
  `em_email` varchar(50) NOT NULL,
  `role_id` int(1) NOT NULL,
  `is_valid` int(1) NOT NULL DEFAULT 0
) ENGINE=InnoDB DEFAULT CHARSET=utf8mb4 COLLATE=utf8mb4_unicode_ci;

--
-- 傾印資料表的資料 `employee`
--

INSERT INTO `employee` (`em_id`, `em_full_name`, `em_hire_date`, `em_password`, `em_email`, `role_id`, `is_valid`) VALUES
(1, '張志明', '2023-05-15', '123456', 'zhang_zm@company.com', 3, 1),
(2, '李雅琳', '2023-08-22', '123456', 'li_yl@company.com', 4, 1),
(3, '王建國', '2023-11-30', '123456', 'wang_jg@company.com', 5, 0),
(4, '陳美玲', '2023-03-07', '123456', 'chen_ml@company.com', 5, 1),
(5, '林俊傑', '2023-09-18', '123456', 'lin_jj@company.com', 4, 1),
(6, '黃雅婷', '2023-06-25', '123456', 'huang_yt@company.com', 3, 0),
(7, '吳志豪', '2023-12-05', '123456', 'wu_zh@company.com', 5, 1),
(8, '周淑芬', '2023-04-11', '123456', 'zhou_sf@company.com', 4, 0),
(9, '劉俊宏', '2023-10-20', '123456', 'liu_jh@company.com', 5, 1),
(10, '楊雅文', '2023-07-03', '123456', 'yang_yw@company.com', 3, 1),
(11, '蔡建志', '2024-01-08', '123456', 'cai_jz@company.com', 5, 0),
(12, '鄭佳玲', '2023-02-14', '123456', 'zheng_jl@company.com', 4, 1),
(13, '許志偉', '2023-11-09', '123456', 'xu_zw@company.com', 5, 1),
(14, '謝雅琪', '2023-08-30', '123456', 'xie_yq@company.com', 4, 0),
(15, '郭俊賢', '2023-05-27', '123456', 'guo_jx@company.com', 5, 1),
(16, '孫雅婷', '2024-02-22', '123456', 'sun_yt@company.com', 2, 1),
(17, '趙志豪', '2023-10-03', '123456', 'zhao_zh@company.com', 5, 0),
(18, '朱淑惠', '2023-07-19', '123456', 'zhu_sh@company.com', 4, 1),
(19, '葉建華', '2023-12-28', '123456', 'ye_jh@company.com', 5, 1),
(20, '馮雅玲', '2023-04-05', '123456', 'feng_yl@company.com', 5, 0);

-- --------------------------------------------------------

--
-- 資料表結構 `membership_levels`
--

CREATE TABLE `membership_levels` (
  `level_id` int(11) NOT NULL,
  `type_id` int(11) NOT NULL,
  `level_name` varchar(20) NOT NULL,
  `level_description` varchar(50) NOT NULL
) ENGINE=InnoDB DEFAULT CHARSET=utf8mb4 COLLATE=utf8mb4_unicode_ci;

-- --------------------------------------------------------

--
-- 資料表結構 `permission`
--

CREATE TABLE `permission` (
  `permission_id` int(11) NOT NULL,
  `permission_name` varchar(50) NOT NULL,
  `description` text NOT NULL
) ENGINE=InnoDB DEFAULT CHARSET=utf8mb4 COLLATE=utf8mb4_unicode_ci;

-- --------------------------------------------------------

--
-- 資料表結構 `rolepermissions`
--

CREATE TABLE `rolepermissions` (
  `role_id` int(1) NOT NULL,
  `permission_id` int(1) NOT NULL
) ENGINE=InnoDB DEFAULT CHARSET=utf8mb4 COLLATE=utf8mb4_unicode_ci;

-- --------------------------------------------------------

--
-- 資料表結構 `roles`
--

CREATE TABLE `roles` (
  `role_id` int(11) NOT NULL,
  `role_name` varchar(10) NOT NULL
) ENGINE=InnoDB DEFAULT CHARSET=utf8mb4 COLLATE=utf8mb4_unicode_ci;

--
-- 傾印資料表的資料 `roles`
--

INSERT INTO `roles` (`role_id`, `role_name`) VALUES
(1, '教練'),
(2, '所有者'),
(3, '管理員'),
(4, '編輯者'),
(5, '工讀生');

-- --------------------------------------------------------

--
-- 資料表結構 `status`
--

CREATE TABLE `status` (
  `status_id` int(11) NOT NULL,
  `user_id` int(11) NOT NULL,
  `type_id` int(11) NOT NULL,
  `level_id` int(11) NOT NULL,
  `status_date` datetime NOT NULL
) ENGINE=InnoDB DEFAULT CHARSET=utf8mb4 COLLATE=utf8mb4_unicode_ci;

-- --------------------------------------------------------

--
-- 資料表結構 `user`
--

CREATE TABLE `user` (
  `user_id` int(11) NOT NULL,
  `is_active` int(1) NOT NULL DEFAULT 0 COMMENT '1=驗證通過',
  `user_created_at` date NOT NULL,
  `user_full_name` varchar(10) NOT NULL,
  `user_email` varchar(50) NOT NULL,
  `user_password` varchar(100) NOT NULL,
  `user_sex` int(1) NOT NULL,
  `user_phone_number` varchar(10) NOT NULL,
  `user_birthday` date NOT NULL,
  `city_id` varchar(3) NOT NULL,
  `district_id` varchar(5) NOT NULL,
  `user_address` varchar(50) NOT NULL,
  `role_id` int(11) NOT NULL DEFAULT 0 COMMENT '0不是教練'
) ENGINE=InnoDB DEFAULT CHARSET=utf8mb4 COLLATE=utf8mb4_unicode_ci;

--
-- 傾印資料表的資料 `user`
--

INSERT INTO `user` (`user_id`, `is_active`, `user_created_at`, `user_full_name`, `user_email`, `user_password`, `user_sex`, `user_phone_number`, `user_birthday`, `city_id`, `district_id`, `user_address`, `role_id`) VALUES
(1, 1, '2023-11-15', '張小明', 'zhang_xm@email.com', '123456', 1, '0912345678', '1990-05-20', '1', '5', '和平路23號', 0),
(2, 0, '2024-02-03', '李芳芳', 'li_ff@email.com', '123456', 2, '0923456789', '1988-09-12', '2', '25', '中山北路189巷7號', 1),
(3, 1, '2023-09-28', '王大寶', 'wang_db@email.com', '123456', 1, '0934567890', '1995-03-30', '3', '48', '民生東路三段45號', 0),
(4, 1, '2024-04-17', '陳美美', 'chen_mm@email.com', '123456', 2, '0945678901', '1992-11-08', '4', '67', '忠孝西路一段100號', 1),
(5, 0, '2023-12-05', '林志強', 'lin_zq@email.com', '123456', 1, '0956789012', '1985-07-15', '5', '99', '中正路78號', 0),
(6, 1, '2024-01-22', '黃雅琪', 'huang_yq@email.com', '123456', 2, '0967890123', '1993-02-25', '6', '140', '光復南路55號', 1),
(7, 0, '2023-10-09', '吳俊宏', 'wu_jh@email.com', '123456', 1, '0978901234', '1987-12-03', '7', '178', '自由路二段33號', 0),
(8, 1, '2024-03-11', '趙玉蓮', 'zhao_yl@email.com', '123456', 2, '0989012345', '1991-08-18', '8', '190', '平等路120號', 1),
(9, 1, '2023-08-30', '許志豪', 'xu_zh@email.com', '123456', 1, '0990123456', '1994-06-07', '9', '205', '和平東路87號', 0),
(10, 0, '2024-05-02', '謝佳玲', 'xie_jl@email.com', '123456', 2, '0901234567', '1989-01-29', '10', '228', '民權西路66號', 1),
(11, 1, '2023-11-28', '郭文彬', 'guo_wb@email.com', '123456', 1, '0912345679', '1986-10-11', '11', '246', '中山南路92號', 0),
(12, 1, '2024-02-14', '朱麗華', 'zhu_lh@email.com', '123456', 2, '0923456788', '1996-04-22', '12', '265', '建國北路150號', 1),
(13, 0, '2023-09-07', '楊世豪', 'yang_sh@email.com', '123456', 1, '0934567899', '1984-08-09', '13', '282', '復興南路一段77號', 0),
(14, 1, '2024-04-30', '周雅萍', 'zhou_yp@email.com', '123456', 2, '0945678900', '1997-12-16', '14', '310', '仁愛路四段88號', 1),
(15, 1, '2023-12-19', '孫志偉', 'sun_zw@email.com', '123456', 1, '0956789011', '1983-03-05', '15', '347', '信義路五段123號', 0),
(16, 0, '2024-01-08', '方淑芬', 'fang_sf@email.com', '123456', 2, '0967890122', '1998-07-27', '16', '332', '敦化南路一段60號', 1),
(17, 1, '2023-10-25', '鄭博文', 'zheng_bw@email.com', '123456', 1, '0978901233', '1982-05-14', '17', '356', '南京東路三段41號', 0),
(18, 1, '2024-03-27', '蔡依婷', 'cai_yt@email.com', '123456', 2, '0989012344', '1999-09-02', '18', '163', '松江路259號', 1),
(19, 0, '2023-08-12', '馬俊傑', 'ma_jj@email.com', '123456', 1, '0990123455', '1981-11-23', '19', '170', '龍江路185號', 0),
(20, 1, '2024-05-19', '董雅文', 'dong_yw@email.com', '123456', 2, '0901234566', '2000-01-10', '20', '167', '長安東路二段219號', 1),
(21, 1, '2023-11-03', '蘇志成', 'su_zc@email.com', '123456', 1, '0912345677', '1980-06-19', '21', '362', '重慶南路一段122號', 0),
(22, 0, '2024-02-28', '范秀英', 'fan_xy@email.com', '123456', 2, '0923456787', '2001-03-08', '22', '365', '漢口街112號', 1),
(23, 1, '2023-09-14', '盧建志', 'lu_jz@email.com', '123456', 1, '0934567898', '1979-02-28', '1', '9', '西寧南路125號', 0),
(24, 1, '2024-04-05', '顏如玉', 'yan_ry@email.com', '123456', 2, '0945678909', '2002-08-13', '2', '36', '武昌街一段49號', 1),
(25, 0, '2023-12-31', '石俊豪', 'shi_jh@email.com', '123456', 1, '0956789010', '1978-10-05', '3', '53', '貴陽街一段56號', 0),
(26, 1, '2023-10-18', '林曉萱', 'lin_xx@email.com', '123456', 2, '0912345680', '1993-07-22', '4', '72', '中華路一段88號', 0),
(27, 0, '2024-03-05', '陳俊傑', 'chen_jj@email.com', '123456', 1, '0923456790', '1987-11-30', '5', '105', '民族路57號', 1),
(28, 1, '2023-12-12', '王雅芳', 'wang_yf@email.com', '123456', 2, '0934567891', '1995-02-14', '6', '135', '自強路203號', 0),
(29, 1, '2024-01-30', '李志豪', 'li_zh@email.com', '123456', 1, '0945678902', '1989-09-08', '7', '175', '中正路112號', 1),
(30, 0, '2023-09-22', '張美玲', 'zhang_ml@email.com', '123456', 2, '0956789013', '1992-04-17', '8', '188', '和平路76號', 0),
(31, 1, '2024-04-11', '黃建國', 'huang_jg@email.com', '123456', 1, '0967890124', '1985-12-03', '9', '208', '民生路45號', 1),
(32, 0, '2023-11-07', '劉淑華', 'liu_sh@email.com', '123456', 2, '0978901235', '1997-06-25', '10', '225', '中山路168號', 0),
(33, 1, '2024-02-19', '吳振宇', 'wu_zy@email.com', '123456', 1, '0989012346', '1986-03-11', '11', '244', '光復路92號', 1),
(34, 1, '2023-08-25', '趙雅琳', 'zhao_yl@email.com', '123456', 2, '0990123457', '1994-10-20', '12', '260', '忠孝路137號', 0),
(35, 0, '2024-05-08', '周正豪', 'zhou_zh@email.com', '123456', 1, '0901234568', '1988-01-07', '13', '285', '復興路79號', 1),
(36, 1, '2023-10-31', '蔡佳穎', 'cai_jy@email.com', '123456', 2, '0912345681', '1996-08-29', '14', '305', '信義路210號', 0),
(37, 1, '2024-03-22', '楊志明', 'yang_zm@email.com', '123456', 1, '0923456791', '1984-05-15', '15', '345', '仁愛路63號', 1),
(38, 0, '2023-12-28', '許雅婷', 'xu_yt@email.com', '123456', 2, '0934567892', '1998-11-02', '16', '330', '南京路155號', 0),
(39, 1, '2024-01-14', '朱世傑', 'zhu_sj@email.com', '123456', 1, '0945678903', '1983-07-18', '17', '355', '建國路41號', 1),
(40, 1, '2023-09-03', '郭淑芬', 'guo_sf@email.com', '123456', 2, '0956789014', '1999-03-26', '18', '161', '中華路二段108號', 0),
(41, 0, '2024-04-25', '孫志豪', 'sun_zh@email.com', '123456', 1, '0967890125', '1982-12-09', '19', '169', '民權路73號', 1),
(42, 1, '2023-11-20', '范美玉', 'fan_my@email.com', '123456', 2, '0978901236', '2000-09-14', '20', '166', '自由路189號', 0),
(43, 1, '2024-02-06', '謝建華', 'xie_jh@email.com', '123456', 1, '0989012347', '1981-04-30', '21', '361', '中山北路56號', 1),
(44, 0, '2023-08-09', '鄭雅文', 'zheng_yw@email.com', '123456', 2, '0990123458', '2001-01-23', '22', '366', '民族路二段124號', 0),
(45, 1, '2024-05-23', '馬志豪', 'ma_zh@email.com', '123456', 1, '0901234569', '1980-10-11', '1', '7', '中正路三段95號', 1),
(46, 1, '2023-10-05', '董佳玲', 'dong_jl@email.com', '123456', 2, '0912345682', '2002-06-05', '2', '30', '和平東路一段152號', 0),
(47, 0, '2024-03-16', '石俊賢', 'shi_jx@email.com', '123456', 1, '0923456792', '1979-02-19', '3', '50', '信義路四段87號', 1),
(48, 1, '2023-12-23', '龔雅雯', 'gong_yw@email.com', '123456', 2, '0934567893', '2003-08-07', '4', '65', '復興南路二段201號', 0),
(49, 1, '2024-01-27', '方志強', 'fang_zq@email.com', '123456', 1, '0945678904', '1978-11-28', '5', '96', '中山路一段133號', 1),
(50, 0, '2023-09-17', '唐淑惠', 'tang_sh@email.com', '123456', 2, '0956789015', '2004-04-13', '6', '148', '忠孝東路三段76號', 0),
(51, 1, '2023-11-05', '林宏達', 'lin_hd@email.com', '123456', 1, '0912345683', '1990-08-15', '1', '3', '中山路45號', 0),
(52, 1, '2024-02-18', '陳雅芳', 'chen_yf@email.com', '123456', 2, '0923456793', '1988-03-22', '2', '22', '民生東路二段78號', 1),
(53, 1, '2023-09-30', '王建國', 'wang_jg@email.com', '123456', 1, '0934567894', '1992-11-07', '3', '46', '復興南路89號', 0),
(54, 1, '2024-04-12', '李佳琪', 'li_jq@email.com', '123456', 2, '0945678905', '1995-06-30', '4', '70', '忠孝西路三段112號', 1),
(55, 1, '2023-12-07', '張志豪', 'zhang_zh@email.com', '123456', 1, '0956789016', '1987-01-25', '5', '95', '南京東路一段56號', 0),
(56, 1, '2024-01-23', '黃雅婷', 'huang_yt@email.com', '123456', 2, '0967890126', '1993-09-18', '6', '132', '四維路203號', 1),
(57, 1, '2023-10-11', '吳俊宇', 'wu_jy@email.com', '123456', 1, '0978901237', '1989-04-05', '7', '176', '中正路87號', 0),
(58, 1, '2024-03-28', '趙雅雯', 'zhao_yw@email.com', '123456', 2, '0989012348', '1994-12-13', '8', '187', '自由路150號', 1),
(59, 1, '2023-08-16', '許俊傑', 'xu_jj@email.com', '123456', 1, '0990123459', '1991-07-29', '9', '201', '民族路99號', 0),
(60, 0, '2024-05-09', '謝佳穎', 'xie_jy@email.com', '123456', 2, '0901234570', '1986-02-14', '10', '220', '中山北路二段178號', 1),
(61, 1, '2023-11-29', '郭志明', 'guo_zm@email.com', '123456', 1, '0912345684', '1993-10-31', '1', '8', '光復南路67號', 0),
(62, 1, '2024-02-15', '朱雅琳', 'zhu_yl@email.com', '123456', 2, '0923456794', '1988-05-09', '2', '28', '仁愛路三段134號', 1),
(63, 1, '2023-09-08', '楊建華', 'yang_jh@email.com', '123456', 1, '0934567895', '1990-12-27', '3', '51', '和平西路二段90號', 0),
(64, 1, '2024-04-22', '周淑芬', 'zhou_sf@email.com', '123456', 2, '0945678906', '1995-08-03', '4', '75', '信義路五段221號', 1),
(65, 1, '2023-12-20', '孫志豪', 'sun_zh@email.com', '123456', 1, '0956789017', '1987-03-19', '5', '101', '復興北路98號', 0),
(66, 1, '2024-01-09', '方雅玲', 'fang_yl@email.com', '123456', 2, '0967890127', '1992-11-22', '6', '145', '南京西路76號', 1),
(67, 1, '2023-10-26', '鄭博文', 'zheng_bw@email.com', '123456', 1, '0978901238', '1989-06-07', '11', '242', '建國南路56號', 0),
(68, 1, '2024-03-13', '蔡依婷', 'cai_yt@email.com', '123456', 2, '0989012349', '1994-01-30', '12', '258', '中華路二段189號', 1),
(69, 1, '2023-08-31', '馬俊傑', 'ma_jj@email.com', '123456', 1, '0990123460', '1991-09-14', '13', '280', '民權路123號', 0),
(70, 0, '2024-05-24', '董雅文', 'dong_yw@email.com', '123456', 2, '0901234571', '1986-04-28', '14', '300', '三民路45號', 1),
(71, 1, '2023-11-13', '蘇志成', 'su_zc@email.com', '123456', 1, '0912345685', '1993-12-11', '1', '11', '中正路一段78號', 0),
(72, 1, '2024-02-29', '范秀英', 'fan_xy@email.com', '123456', 2, '0923456795', '1988-07-17', '2', '33', '和平東路三段156號', 1),
(73, 1, '2023-09-25', '盧建志', 'lu_jz@email.com', '123456', 1, '0934567896', '1990-02-23', '3', '49', '忠孝東路四段201號', 0),
(74, 1, '2024-04-06', '顏如玉', 'yan_ry@email.com', '123456', 2, '0945678907', '1995-10-09', '4', '80', '復興南路一段67號', 1),
(75, 1, '2023-12-01', '石俊豪', 'shi_jh@email.com', '123456', 1, '0956789018', '1987-05-26', '5', '110', '信義路三段89號', 0),
(76, 1, '2024-01-17', '龔雅雯', 'gong_yw@email.com', '123456', 2, '0967890128', '1992-01-13', '6', '150', '民生西路176號', 1),
(77, 1, '2023-10-02', '唐志強', 'tang_zq@email.com', '123456', 1, '0978901239', '1989-08-19', '15', '344', '中山路二段34號', 0),
(78, 1, '2024-03-25', '韓雅芳', 'han_yf@email.com', '123456', 2, '0989012350', '1994-03-07', '16', '329', '自由路一段222號', 1),
(79, 1, '2023-08-07', '葉俊宏', 'ye_jh@email.com', '123456', 1, '0990123461', '1991-11-28', '17', '354', '民權路二段98號', 0),
(80, 0, '2024-05-30', '何淑華', 'he_sh@email.com', '123456', 2, '0901234572', '1986-06-15', '18', '160', '中正路四段143號', 1),
(81, 1, '2023-11-21', '徐建國', 'xu_jg@email.com', '123456', 1, '0912345686', '1993-02-01', '1', '2', '復興北路二段56號', 0),
(82, 1, '2024-02-08', '高雅玲', 'gao_yl@email.com', '123456', 2, '0923456796', '1988-09-27', '2', '38', '南京東路三段189號', 1),
(83, 1, '2023-09-11', '鄧志豪', 'deng_zh@email.com', '123456', 1, '0934567897', '1990-04-14', '3', '52', '忠孝西路二段78號', 0),
(84, 1, '2024-04-19', '曾雅婷', 'zeng_yt@email.com', '123456', 2, '0945678908', '1995-12-21', '4', '62', '信義路一段111號', 1),
(85, 1, '2023-12-15', '潘俊傑', 'pan_jj@email.com', '123456', 1, '0956789019', '1987-07-08', '5', '115', '和平西路一段90號', 0),
(86, 1, '2024-01-04', '藍佳穎', 'lan_jy@email.com', '123456', 2, '0967890129', '1992-03-25', '6', '155', '民生東路一段167號', 1),
(87, 1, '2023-10-19', '江志偉', 'jiang_zw@email.com', '123456', 1, '0978901240', '1989-10-11', '19', '170', '中山北路一段45號', 0),
(88, 1, '2024-03-08', '譚雅文', 'tan_yw@email.com', '123456', 2, '0989012351', '1994-05-29', '20', '167', '光復南路二段234號', 1),
(89, 1, '2023-08-22', '錢建華', 'qian_jh@email.com', '123456', 1, '0990123462', '1991-01-16', '21', '360', '仁愛路二段88號', 0),
(90, 0, '2024-05-14', '施淑芬', 'shi_sf@email.com', '123456', 2, '0901234573', '1986-08-02', '22', '366', '四維路一段176號', 1),
(91, 1, '2023-11-09', '田志豪', 'tian_zh@email.com', '123456', 1, '0912345687', '1993-04-18', '1', '6', '建國北路三段123號', 0),
(92, 1, '2024-02-23', '丁雅琪', 'ding_yq@email.com', '123456', 2, '0923456797', '1988-11-05', '2', '20', '南京西路二段56號', 1),
(93, 1, '2023-09-19', '溫俊賢', 'wen_jx@email.com', '123456', 1, '0934567898', '1990-06-22', '3', '44', '民權東路二段198號', 0),
(94, 1, '2024-04-02', '袁雅萍', 'yuan_yp@email.com', '123456', 2, '0945678909', '1995-02-09', '4', '68', '復興南路三段87號', 1),
(95, 1, '2023-12-26', '沈建志', 'shen_jz@email.com', '123456', 1, '0956789020', '1987-09-30', '5', '98', '中華路三段210號', 0),
(96, 0, '2024-01-12', '巫佳玲', 'wu_jl@email.com', '123456', 2, '0967890130', '1992-05-17', '6', '138', '忠孝東路二段145號', 1),
(97, 1, '2023-11-03', '林志明', 'lin_zm@email.com', '123456', 1, '0912345688', '1990-07-15', '7', '177', '中山路56號', 0),
(98, 1, '2024-02-17', '陳雅琳', 'chen_yl@email.com', '123456', 2, '0923456798', '1988-03-22', '8', '189', '民生東路三段78號', 1),
(99, 1, '2023-09-29', '王建宏', 'wang_jh@email.com', '123456', 1, '0934567899', '1992-11-07', '9', '202', '復興南路89號', 0),
(100, 0, '2024-04-11', '李佳怡', 'li_jy@email.com', '123456', 2, '0945678910', '1995-06-30', '10', '220', '忠孝西路三段112號', 1),
(101, 1, '2023-12-06', '張志豪', 'zhang_zh@email.com', '123456', 1, '0956789021', '1987-01-25', '11', '245', '南京東路一段56號', 0),
(102, 1, '2024-01-22', '黃雅婷', 'huang_yt@email.com', '123456', 2, '0967890131', '1993-09-18', '12', '260', '四維路203號', 1),
(103, 1, '2023-10-10', '吳俊宇', 'wu_jy@email.com', '123456', 1, '0978901241', '1989-04-05', '13', '280', '中正路87號', 0),
(104, 1, '2024-03-27', '趙雅雯', 'zhao_yw@email.com', '123456', 2, '0989012352', '1994-12-13', '14', '305', '自由路150號', 1),
(105, 1, '2023-08-15', '許俊傑', 'xu_jj@email.com', '123456', 1, '0990123463', '1991-07-29', '15', '345', '民族路99號', 0),
(106, 1, '2024-05-08', '謝佳穎', 'xie_jy@email.com', '123456', 2, '0901234574', '1986-02-14', '16', '330', '中山北路二段178號', 1),
(107, 1, '2023-11-28', '郭志明', 'guo_zm@email.com', '123456', 1, '0912345689', '1993-10-31', '17', '355', '光復南路67號', 0),
(108, 1, '2024-02-14', '朱雅琳', 'zhu_yl@email.com', '123456', 2, '0923456799', '1988-05-09', '18', '162', '仁愛路三段134號', 1),
(109, 0, '2023-09-07', '楊建華', 'yang_jh@email.com', '123456', 1, '0934567900', '1990-12-27', '19', '170', '和平西路二段90號', 0),
(110, 1, '2024-04-21', '周淑芬', 'zhou_sf@email.com', '123456', 2, '0945678911', '1995-08-03', '20', '167', '信義路五段221號', 1),
(111, 1, '2023-12-19', '孫志豪', 'sun_zh@email.com', '123456', 1, '0956789022', '1987-03-19', '21', '361', '復興北路98號', 0),
(112, 1, '2024-01-08', '方雅玲', 'fang_yl@email.com', '123456', 2, '0967890132', '1992-11-22', '22', '365', '南京西路76號', 1),
(113, 1, '2023-10-25', '鄭博文', 'zheng_bw@email.com', '123456', 1, '0978901242', '1989-06-07', '1', '7', '建國南路56號', 0),
(114, 1, '2024-03-12', '蔡依婷', 'cai_yt@email.com', '123456', 2, '0989012353', '1994-01-30', '2', '25', '中華路二段189號', 1),
(115, 1, '2023-08-30', '馬俊傑', 'ma_jj@email.com', '123456', 1, '0990123464', '1991-09-14', '3', '45', '民權路123號', 0),
(116, 0, '2024-05-23', '董雅文', 'dong_yw@email.com', '123456', 2, '0901234575', '1986-04-28', '4', '70', '三民路45號', 1),
(117, 1, '2023-11-12', '蘇志成', 'su_zc@email.com', '123456', 1, '0912345690', '1993-12-11', '5', '100', '中正路一段78號', 0),
(118, 1, '2024-02-28', '范秀英', 'fan_xy@email.com', '123456', 2, '0923456800', '1988-07-17', '6', '135', '和平東路三段156號', 1),
(119, 1, '2023-09-24', '盧建志', 'lu_jz@email.com', '123456', 1, '0934567901', '1990-02-23', '7', '180', '忠孝東路四段201號', 0),
(120, 1, '2024-04-05', '顏如玉', 'yan_ry@email.com', '123456', 2, '0945678912', '1995-10-09', '8', '190', '復興南路一段67號', 1),
(121, 1, '2023-11-30', '石俊豪', 'shi_jh@email.com', '123456', 1, '0956789023', '1987-05-26', '9', '205', '信義路三段89號', 0),
(122, 1, '2024-01-16', '龔雅雯', 'gong_yw@email.com', '123456', 2, '0967890133', '1992-01-13', '10', '225', '民生西路176號', 1),
(123, 0, '2023-10-01', '唐志強', 'tang_zq@email.com', '123456', 1, '0978901243', '1989-08-19', '11', '248', '中山路二段34號', 0),
(124, 1, '2024-03-24', '韓雅芳', 'han_yf@email.com', '123456', 2, '0989012354', '1994-03-07', '12', '265', '自由路一段222號', 1),
(125, 1, '2023-08-06', '葉俊宏', 'ye_jh@email.com', '123456', 1, '0990123465', '1991-11-28', '13', '285', '民權路二段98號', 0),
(126, 1, '2024-05-29', '何淑華', 'he_sh@email.com', '123456', 2, '0901234576', '1986-06-15', '14', '310', '中正路四段143號', 1),
(127, 1, '2023-11-20', '徐建國', 'xu_jg@email.com', '123456', 1, '0912345691', '1993-02-01', '15', '348', '復興北路二段56號', 0),
(128, 1, '2024-02-07', '高雅玲', 'gao_yl@email.com', '123456', 2, '0923456801', '1988-09-27', '16', '335', '南京東路三段189號', 1),
(129, 1, '2023-09-10', '鄧志豪', 'deng_zh@email.com', '123456', 1, '0934567902', '1990-04-14', '17', '357', '忠孝西路二段78號', 0),
(130, 0, '2024-04-18', '曾雅婷', 'zeng_yt@email.com', '123456', 2, '0945678913', '1995-12-21', '18', '164', '信義路一段111號', 1),
(131, 1, '2023-12-14', '潘俊傑', 'pan_jj@email.com', '123456', 1, '0956789024', '1987-07-08', '19', '169', '和平西路一段90號', 0),
(132, 1, '2024-01-03', '藍佳穎', 'lan_jy@email.com', '123456', 2, '0967890134', '1992-03-25', '20', '166', '民生東路一段167號', 1),
(133, 1, '2023-10-18', '江志偉', 'jiang_zw@email.com', '123456', 1, '0978901244', '1989-10-11', '21', '363', '中山北路一段45號', 0),
(134, 1, '2024-03-07', '譚雅文', 'tan_yw@email.com', '123456', 2, '0989012355', '1994-05-29', '22', '366', '光復南路二段234號', 1),
(135, 1, '2023-08-21', '錢建華', 'qian_jh@email.com', '123456', 1, '0990123466', '1991-01-16', '1', '3', '仁愛路二段88號', 0),
(136, 0, '2024-05-13', '施淑芬', 'shi_sf@email.com', '123456', 2, '0901234577', '1986-08-02', '2', '30', '四維路一段176號', 1),
(137, 1, '2023-11-08', '田志豪', 'tian_zh@email.com', '123456', 1, '0912345692', '1993-04-18', '3', '50', '建國北路三段123號', 0),
(138, 1, '2024-02-22', '丁雅琪', 'ding_yq@email.com', '123456', 2, '0923456802', '1988-11-05', '4', '65', '南京西路二段56號', 1),
(139, 1, '2023-09-18', '溫俊賢', 'wen_jx@email.com', '123456', 1, '0934567903', '1990-06-22', '5', '105', '民權東路二段198號', 0),
(140, 1, '2024-04-01', '袁雅萍', 'yuan_yp@email.com', '123456', 2, '0945678914', '1995-02-09', '6', '140', '復興南路三段87號', 1),
(141, 1, '2023-12-25', '沈建志', 'shen_jz@email.com', '123456', 1, '0956789025', '1987-09-30', '7', '175', '中華路三段210號', 0),
(142, 0, '2024-01-11', '巫佳玲', 'wu_jl@email.com', '123456', 2, '0967890135', '1992-05-17', '8', '185', '忠孝東路二段145號', 1),
(143, 1, '2023-10-24', '彭志強', 'peng_zq@email.com', '123456', 1, '0978901245', '1989-12-08', '9', '200', '信義路四段78號', 0),
(144, 1, '2024-03-20', '賴雅芳', 'lai_yf@email.com', '123456', 2, '0989012356', '1994-07-25', '10', '230', '和平東路一段189號', 1),
(145, 1, '2023-08-14', '傅俊豪', 'fu_jh@email.com', '123456', 1, '0990123467', '1991-03-12', '11', '250', '民生西路二段56號', 0),
(146, 1, '2024-05-07', '詹佳玲', 'zhan_jl@email.com', '123456', 2, '0901234578', '1986-10-29', '12', '270', '中正路三段123號', 1),
(147, 1, '2023-11-27', '侯志明', 'hou_zm@email.com', '123456', 1, '0912345693', '1993-06-14', '13', '280', '復興北路一段87號', 0),
(148, 0, '2024-02-13', '康雅婷', 'kang_yt@email.com', '123456', 2, '0923456803', '1988-01-31', '14', '305', '南京東路二段210號', 1),
(149, 1, '2023-09-06', '梁建國', 'liang_jg@email.com', '123456', 1, '0934567904', '1990-08-17', '15', '350', '忠孝西路一段45號', 0),
(150, 1, '2024-04-20', '邱淑芬', 'qiu_sf@email.com', '123456', 2, '0945678915', '1995-04-03', '16', '335', '建國南路一段176號', 1),
(151, 1, '2023-11-01', '莊雅琪', 'zhuang_yq@email.com', '123456', 2, '0912345694', '1990-09-15', '17', '354', '中山路78號', 0),
(152, 1, '2024-02-16', '簡志豪', 'jian_zh@email.com', '123456', 1, '0923456804', '1988-04-22', '18', '161', '民生東路四段98號', 1),
(153, 0, '2023-09-28', '歐陽建華', 'ouyang_jh@email.com', '123456', 1, '0934567905', '1992-12-07', '19', '170', '復興南路109號', 0),
(154, 1, '2024-04-10', '連佳怡', 'lian_jy@email.com', '123456', 2, '0945678916', '1995-07-30', '20', '168', '忠孝西路四段132號', 1),
(155, 1, '2023-12-05', '范志偉', 'fan_zw@email.com', '123456', 1, '0956789027', '1987-02-25', '21', '360', '南京東路二段76號', 0),
(156, 1, '2024-01-21', '宋雅婷', 'song_yt@email.com', '123456', 2, '0967890136', '1993-10-18', '22', '366', '四維路223號', 1),
(157, 1, '2023-10-09', '馮俊宇', 'feng_jy@email.com', '123456', 1, '0978901246', '1989-05-05', '1', '4', '中正路97號', 0),
(158, 1, '2024-03-26', '湯雅雯', 'tang_yw@email.com', '123456', 2, '0989012357', '1994-01-13', '2', '18', '自由路170號', 1),
(159, 0, '2023-08-14', '姚俊傑', 'yao_jj@email.com', '123456', 1, '0990123468', '1991-08-29', '3', '46', '民族路119號', 0),
(160, 1, '2024-05-07', '章佳穎', 'zhang_jy@email.com', '123456', 2, '0901234579', '1986-03-14', '4', '60', '中山北路三段198號', 1),
(161, 1, '2023-11-27', '韓志明', 'han_zm@email.com', '123456', 1, '0912345695', '1993-11-30', '5', '90', '光復南路87號', 0),
(162, 1, '2024-02-13', '朱雅琳', 'zhu_yl@email.com', '123456', 2, '0923456805', '1988-06-09', '6', '130', '仁愛路四段154號', 1),
(163, 1, '2023-09-06', '白建華', 'bai_jh@email.com', '123456', 1, '0934567906', '1990-01-27', '7', '177', '和平西路三段110號', 0),
(164, 0, '2024-04-20', '鍾淑芬', 'zhong_sf@email.com', '123456', 2, '0945678917', '1995-09-03', '8', '188', '信義路六段241號', 1),
(165, 1, '2023-12-18', '龍志豪', 'long_zh@email.com', '123456', 1, '0956789028', '1987-04-19', '9', '203', '復興北路118號', 0),
(166, 1, '2024-01-07', '賈雅玲', 'jia_yl@email.com', '123456', 2, '0967890137', '1992-12-22', '10', '218', '南京西路96號', 1),
(167, 1, '2023-10-24', '倪博文', 'ni_bw@email.com', '123456', 1, '0978901247', '1989-07-07', '11', '243', '建國南路76號', 0),
(168, 1, '2024-03-11', '魏依婷', 'wei_yt@email.com', '123456', 2, '0989012358', '1994-02-28', '12', '258', '中華路三段209號', 1),
(169, 0, '2023-08-29', '殷俊傑', 'yin_jj@email.com', '123456', 1, '0990123469', '1991-10-14', '13', '278', '民權路143號', 0),
(170, 1, '2024-05-22', '敖雅文', 'ao_yw@email.com', '123456', 2, '0901234580', '1986-05-28', '14', '300', '三民路65號', 1),
(171, 1, '2023-11-11', '時志成', 'shi_zc@email.com', '123456', 1, '0912345696', '1993-01-11', '15', '343', '中正路二段98號', 0),
(172, 1, '2024-02-27', '文秀英', 'wen_xy@email.com', '123456', 2, '0923456806', '1988-08-17', '16', '328', '和平東路四段176號', 1),
(173, 1, '2023-09-23', '齊建志', 'qi_jz@email.com', '123456', 1, '0934567907', '1990-03-23', '17', '355', '忠孝東路五段221號', 0),
(174, 0, '2024-04-04', '岳如玉', 'yue_ry@email.com', '123456', 2, '0945678918', '1995-11-09', '18', '163', '復興南路二段87號', 1),
(175, 1, '2023-11-29', '洪俊豪', 'hong_jh@email.com', '123456', 1, '0956789029', '1987-06-26', '19', '169', '信義路四段109號', 0),
(176, 1, '2024-01-15', '柯雅雯', 'ke_yw@email.com', '123456', 2, '0967890138', '1992-02-13', '20', '167', '民生西路196號', 1),
(177, 1, '2023-09-30', '嚴志強', 'yan_zq@email.com', '123456', 1, '0978901248', '1989-09-19', '21', '362', '中山路三段54號', 0),
(178, 1, '2024-03-23', '童雅芳', 'tong_yf@email.com', '123456', 2, '0989012359', '1994-04-07', '22', '365', '自由路二段242號', 1),
(179, 0, '2023-08-05', '原俊宏', 'yuan_jh@email.com', '123456', 1, '0990123470', '1991-12-28', '1', '8', '民權路三段118號', 0),
(180, 1, '2024-05-28', '師淑華', 'shi_sh@email.com', '123456', 2, '0901234581', '1986-07-15', '2', '22', '中正路五段163號', 1),
(181, 1, '2023-11-19', '房建國', 'fang_jg@email.com', '123456', 1, '0912345697', '1993-03-01', '3', '48', '復興北路三段76號', 0),
(182, 1, '2024-02-06', '霍雅玲', 'huo_yl@email.com', '123456', 2, '0923456807', '1988-10-27', '4', '68', '南京東路四段209號', 1),
(183, 1, '2023-09-17', '淩志豪', 'ling_zh@email.com', '123456', 1, '0934567908', '1990-05-14', '5', '95', '忠孝西路三段98號', 0),
(184, 0, '2024-03-31', '樂雅婷', 'le_yt@email.com', '123456', 2, '0945678919', '1995-01-21', '6', '138', '信義路二段131號', 1),
(185, 1, '2023-12-24', '郝俊傑', 'hao_jj@email.com', '123456', 1, '0956789030', '1987-08-08', '7', '180', '和平西路二段110號', 0),
(186, 1, '2024-01-10', '區佳玲', 'ou_jl@email.com', '123456', 2, '0967890139', '1992-04-25', '8', '192', '民生東路二段187號', 1),
(187, 1, '2023-10-23', '閻志偉', 'yan_zw@email.com', '123456', 1, '0978901249', '1989-11-11', '9', '208', '中山北路二段65號', 0),
(188, 1, '2024-03-19', '湛雅文', 'zhan_yw@email.com', '123456', 2, '0989012360', '1994-06-29', '10', '228', '光復南路三段254號', 1),
(189, 0, '2023-08-13', '雷建華', 'lei_jh@email.com', '123456', 1, '0990123471', '1991-02-16', '11', '247', '仁愛路三段108號', 0),
(190, 1, '2024-05-06', '董淑芬', 'dong_sf@email.com', '123456', 2, '0901234582', '1986-09-02', '12', '265', '四維路二段196號', 1),
(191, 1, '2023-11-26', '穆志豪', 'mu_zh@email.com', '123456', 1, '0912345698', '1993-05-18', '13', '283', '建國北路四段143號', 0),
(192, 1, '2024-02-12', '鄔雅琪', 'wu_yq@email.com', '123456', 2, '0923456808', '1988-12-05', '14', '308', '南京西路三段76號', 1),
(193, 1, '2023-09-05', '宮俊賢', 'gong_jx@email.com', '123456', 1, '0934567909', '1990-07-22', '15', '348', '民權東路三段218號', 0),
(194, 0, '2024-04-19', '尚雅萍', 'shang_yp@email.com', '123456', 2, '0945678920', '1995-03-09', '16', '332', '復興南路四段107號', 1),
(195, 1, '2023-12-17', '桂建志', 'gui_jz@email.com', '123456', 1, '0956789031', '1987-10-30', '17', '357', '中華路四段230號', 0),
(196, 1, '2024-01-06', '嵇佳玲', 'ji_jl@email.com', '123456', 2, '0967890140', '1992-06-17', '18', '165', '忠孝東路三段165號', 1);

--
-- 已傾印資料表的索引
--

--
-- 資料表索引 `city`
--
ALTER TABLE `city`
  ADD PRIMARY KEY (`city_id`),
  ADD KEY `city__name` (`city_name`);

--
-- 資料表索引 `district`
--
ALTER TABLE `district`
  ADD PRIMARY KEY (`district_id`),
  ADD KEY `city_id` (`city_id`);

--
-- 資料表索引 `employee`
--
ALTER TABLE `employee`
  ADD PRIMARY KEY (`em_id`);

--
-- 資料表索引 `roles`
--
ALTER TABLE `roles`
  ADD PRIMARY KEY (`role_id`);

--
-- 資料表索引 `user`
--
ALTER TABLE `user`
  ADD PRIMARY KEY (`user_id`);

--
-- 在傾印的資料表使用自動遞增(AUTO_INCREMENT)
--

--
-- 使用資料表自動遞增(AUTO_INCREMENT) `city`
--
ALTER TABLE `city`
  MODIFY `city_id` int(11) NOT NULL AUTO_INCREMENT, AUTO_INCREMENT=23;

--
-- 使用資料表自動遞增(AUTO_INCREMENT) `district`
--
ALTER TABLE `district`
  MODIFY `district_id` int(20) NOT NULL AUTO_INCREMENT, AUTO_INCREMENT=369;

--
-- 使用資料表自動遞增(AUTO_INCREMENT) `employee`
--
ALTER TABLE `employee`
  MODIFY `em_id` int(11) NOT NULL AUTO_INCREMENT, AUTO_INCREMENT=21;

--
-- 使用資料表自動遞增(AUTO_INCREMENT) `user`
--
ALTER TABLE `user`
  MODIFY `user_id` int(11) NOT NULL AUTO_INCREMENT, AUTO_INCREMENT=197;

--
-- 已傾印資料表的限制式
--

--
-- 資料表的限制式 `district`
--
ALTER TABLE `district`
  ADD CONSTRAINT `district_ibfk_1` FOREIGN KEY (`city_id`) REFERENCES `city` (`city_id`) ON DELETE CASCADE ON UPDATE CASCADE;
COMMIT;

/*!40101 SET CHARACTER_SET_CLIENT=@OLD_CHARACTER_SET_CLIENT */;
/*!40101 SET CHARACTER_SET_RESULTS=@OLD_CHARACTER_SET_RESULTS */;
/*!40101 SET COLLATION_CONNECTION=@OLD_COLLATION_CONNECTION */;
